zip_code,latitude,longitude,city,state,county
76621,31.88454,-97.077218,Abbott,TX,Hill
79311,33.949361,-101.81782,Abernathy,TX,Hale
79601,32.344457,-99.80213,Abilene,TX,Taylor
77326,30.520924,-94.822101,Ace,TX,Polk
79713,32.527337,-101.715971,Ackerly,TX,Dawson
75001,32.767268,-96.777626,Addison,TX,Dallas
78101,29.368735,-98.253788,Adkins,TX,Bexar
79001,35.40527,-102.602749,Adrian,TX,Oldham
79220,33.616428,-100.779303,Afton,TX,Dickens
78330,27.836111,-97.530388,Agua Dulce,TX,Nueces
79221,34.071514,-101.30313,Aiken,TX,Floyd
78516,26.221712,-98.218896,Alamo,TX,Hidalgo
79002,35.432839,-100.746559,Alanreed,TX,Gray
75410,32.815881,-95.705636,Alba,TX,Wood
76430,32.768222,-99.210207,Albany,TX,Shackelford
76008,32.681918,-97.779522,Aledo,TX,Parker
78332,27.703829,-98.055296,Alice,TX,Jim Wells
77411,29.83399,-95.434241,Alief,TX,Harris
75002,33.208033,-96.646773,Allen,TX,Collin
78935,29.709171,-96.486458,Alleyton,TX,Colorado
79003,35.401181,-100.270306,Allison,TX,Wheeler
79830,30.357926,-103.66029,Alpine,TX,Brewster
77412,29.60466,-96.524899,Altair,TX,Colorado
75925,31.806668,-95.142971,Alto,TX,Cherokee
76009,32.421034,-97.196279,Alvarado,TX,Johnson
77511,29.337714,-95.406048,Alvin,TX,Brazoria
76225,33.355828,-97.708353,Alvord,TX,Wise
79101,35.205452,-101.795512,Amarillo,TX,Potter
79312,34.02831,-102.425378,Amherst,TX,Lamb
77514,29.662044,-94.592995,Anahuac,TX,Chambers
77830,30.562982,-95.981285,Anderson,TX,Grimes
79714,32.370377,-102.523255,Andrews,TX,Andrews
77515,29.154269,-95.406577,Angleton,TX,Brazoria
75409,33.323709,-96.524804,Anna,TX,Collin
75550,33.582918,-94.915595,Annona,TX,Red River
79501,32.765623,-99.854766,Anson,TX,Jones
79821,31.725097,-106.359795,Anthony,TX,El Paso
79313,33.770506,-102.192713,Anton,TX,Hockley
75926,31.105786,-95.138794,Apple Springs,TX,Trinity
76622,31.987167,-97.108113,Aquilla,TX,Hill
78335,27.912454,-97.188437,Aransas Pass,TX,San Patricio
76351,33.556215,-98.624934,Archer City,TX,Archer
76226,33.215066,-97.164644,Argyle,TX,Denton
76001,32.771419,-97.291484,Arlington,TX,Tarrant
78338,27.116964,-97.612449,Armstrong,TX,Kenedy
75750,32.27795,-95.067302,Arp,TX,Smith
76820,30.720372,-99.100089,Art,TX,Mason
78001,28.338951,-99.098369,Artesia Wells,TX,La Salle
75411,33.65973,-95.582906,Arthur City,TX,Lamar
78827,28.448923,-99.759184,Asherton,TX,Dimmit
79502,33.139647,-100.224966,Aspermont,TX,Stonewall
78002,29.279376,-98.735851,Atascosa,TX,Bexar
75751,32.188097,-95.882391,Athens,TX,Henderson
75551,33.08447,-94.242023,Atlanta,TX,Cass
76227,33.278066,-97.01748,Aubrey,TX,Denton
73301,30.326374,-97.771258,Austin,TX,Travis
77950,28.308115,-97.152097,Austwell,TX,Refugio
76623,32.221421,-96.7832,Avalon,TX,Ellis
75554,33.551468,-94.772766,Avery,TX,Red River
75630,32.895799,-94.574658,Avinger,TX,Cass
79503,32.749919,-99.783771,Avoca,TX,Jones
76624,31.687303,-96.986233,Axtell,TX,Mclennan
76020,32.909715,-97.526302,Azle,TX,Tarrant
77518,29.497095,-94.961157,Bacliff,TX,Galveston
75412,33.639683,-95.021683,Bagwell,TX,Red River
75413,33.416579,-96.213438,Bailey,TX,Fannin
79504,32.322053,-99.335495,Baird,TX,Callahan
76821,31.770615,-99.911547,Ballinger,TX,Runnels
79718,31.383297,-103.556598,Balmorhea,TX,Reeves
78003,29.724328,-99.104014,Bandera,TX,Bandera
76823,31.758771,-99.038558,Bangs,TX,Brown
78339,27.804485,-97.80874,Banquete,TX,Nueces
75101,32.211518,-96.736746,Bardwell,TX,Ellis
77413,29.83399,-95.434241,Barker,TX,Harris
78828,29.828166,-100.105033,Barksdale,TX,Edwards
76930,31.143346,-101.126017,Barnhart,TX,Irion
75102,32.036797,-96.666279,Barry,TX,Navarro
79719,31.453665,-103.420615,Barstow,TX,Ward
76511,30.906295,-97.417295,Bartlett,TX,Bell
78602,30.140905,-97.313592,Bastrop,TX,Bastrop
78829,28.959826,-99.621047,Batesville,TX,Zavala
77519,30.220893,-94.60237,Batson,TX,Hardin
77404,28.798156,-95.651058,Bay City,TX,Matagorda
78340,28.097783,-97.206225,Bayside,TX,Refugio
77520,29.83399,-95.434241,Baytown,TX,Harris
77417,29.482797,-95.974399,Beasley,TX,Fort Bend
77701,30.073712,-94.109705,Beaumont,TX,Jefferson
78603,29.447211,-97.494649,Bebe,TX,Gonzales
75631,32.233362,-94.456952,Beckville,TX,Panola
76021,32.852546,-97.136289,Bedford,TX,Tarrant
77831,30.706523,-95.954649,Bedias,TX,Grimes
78102,28.488192,-97.730956,Beeville,TX,Bee
77401,29.83399,-95.434241,Bellaire,TX,Harris
76228,33.634364,-98.015081,Bellevue,TX,Clay
75414,33.623738,-96.442444,Bells,TX,Grayson
77418,29.864772,-96.321766,Bellville,TX,Austin
78604,29.447211,-97.494649,Belmont,TX,Gonzales
76513,30.983551,-97.521848,Belton,TX,Bell
78342,27.659473,-98.012331,Ben Bolt,TX,Jim Wells
75415,33.356865,-95.584162,Ben Franklin,TX,Delta
75754,32.423029,-95.712867,Ben Wheeler,TX,Van Zandt
78341,27.592468,-98.414188,Benavides,TX,Duval
76824,31.246571,-98.238344,Bend,TX,Lampasas
79505,33.599303,-99.884689,Benjamin,TX,Knox
78107,28.529477,-97.592509,Berclair,TX,Goliad
78004,29.897947,-98.564153,Bergheim,TX,Kendall
78605,30.74431,-98.08625,Bertram,TX,Burnet
79834,29.818742,-103.060715,Big Bend National Park,TX,Brewster
76932,31.417011,-101.5423,Big Lake,TX,Reagan
75755,32.571552,-95.057746,Big Sandy,TX,Upshur
79720,32.278703,-101.457761,Big Spring,TX,Howard
78830,28.569297,-99.570327,Big Wells,TX,Dimmit
78005,28.965841,-98.857837,Bigfoot,TX,Frio
78343,27.623349,-97.749935,Bishop,TX,Nueces
75555,33.007551,-94.074752,Bivins,TX,Cass
79506,32.175814,-100.289569,Blackwell,TX,Nolan
78606,30.137027,-98.419985,Blanco,TX,Blanco
76432,31.801502,-98.827637,Blanket,TX,Brown
79314,33.606603,-102.825745,Bledsoe,TX,Cochran
78931,29.849283,-96.313271,Bleiblerville,TX,Austin
77419,28.754719,-95.945896,Blessing,TX,Matagorda
75556,33.095778,-94.348359,Bloomburg,TX,Cass
76626,32.10146,-96.733115,Blooming Grove,TX,Navarro
77951,28.649465,-96.894486,Bloomington,TX,Victoria
75416,33.600079,-95.520367,Blossom,TX,Lamar
75424,33.318638,-96.396186,Blue Ridge,TX,Collin
76352,33.811665,-98.184762,Bluegrove,TX,Clay
76433,32.28842,-98.053885,Bluff Dale,TX,Erath
78607,30.828132,-98.431188,Bluffton,TX,Llano
76627,32.045004,-97.373528,Blum,TX,Hill
78006,29.893137,-98.685719,Boerne,TX,Kendall
75417,33.470494,-95.211712,Bogata,TX,Red River
77420,29.240304,-95.954627,Boling,TX,Wharton
75928,30.714636,-93.709628,Bon Wier,TX,Newton
75418,33.527267,-96.172998,Bonham,TX,Fannin
79005,36.448291,-100.330411,Booker,TX,Lipscomb
79007,35.728104,-101.487464,Borger,TX,Hutchinson
79009,34.519042,-102.784639,Bovina,TX,Parmer
76230,33.530011,-97.856849,Bowie,TX,Montague
76023,33.111268,-97.638617,Boyd,TX,Wise
79010,35.40527,-102.602749,Boys Ranch,TX,Oldham
78832,29.299888,-100.421055,Brackettville,TX,Kinney
76825,31.150939,-99.337237,Brady,TX,Mcculloch
76628,31.987167,-97.108113,Brandon,TX,Hill
75420,33.168606,-95.585464,Brashear,TX,Hopkins
77422,28.995948,-95.520413,Brazoria,TX,Brazoria
76424,32.769037,-98.84154,Breckenridge,TX,Stephens
76629,31.165947,-96.675985,Bremond,TX,Robertson
77833,30.216516,-96.385104,Brenham,TX,Washington
77611,30.019163,-93.832632,Bridge City,TX,Orange
76426,33.174802,-97.697401,Bridgeport,TX,Wise
78608,30.878476,-97.910703,Briggs,TX,Burnet
79011,35.532082,-100.209628,Briscoe,TX,Wheeler
75929,31.418078,-94.182373,Broaddus,TX,San Augustine
75930,31.373062,-93.821948,Bronson,TX,Sabine
76933,31.854544,-100.343161,Bronte,TX,Coke
75931,31.248984,-93.757415,Brookeland,TX,Sabine
76827,31.547322,-99.091825,Brookesmith,TX,Brown
77423,29.85915,-95.98022,Brookshire,TX,Waller
75421,33.655316,-95.646417,Brookston,TX,Lamar
79316,33.172013,-102.335299,Brownfield,TX,Terry
75756,32.232783,-95.575732,Brownsboro,TX,Henderson
78520,26.052155,-97.514466,Brownsville,TX,Cameron
76801,31.775393,-98.99153,Brownwood,TX,Brown
76630,31.335902,-97.230006,Bruceville,TX,Mclennan
78344,27.429451,-98.838546,Bruni,TX,Webb
77801,30.667044,-96.361631,Bryan,TX,Brazos
76427,33.161547,-98.387427,Bryson,TX,Jack
78609,30.766448,-98.427288,Buchanan Dam,TX,Llano
76518,30.868537,-97.055021,Buckholts,TX,Milam
78610,30.108361,-97.989275,Buda,TX,Hays
75831,31.412142,-95.990369,Buffalo,TX,Leon
79508,32.289413,-99.810319,Buffalo Gap,TX,Taylor
79320,33.929317,-102.688297,Bula,TX,Bailey
75757,32.177304,-95.254306,Bullard,TX,Smith
78163,29.776691,-98.46263,Bulverde,TX,Comal
77612,30.493361,-93.951837,Buna,TX,Jasper
76354,34.048087,-98.600475,Burkburnett,TX,Wichita
76828,31.745879,-99.458967,Burkett,TX,Coleman
75932,31.147913,-93.612413,Burkeville,TX,Newton
76028,32.492683,-97.264359,Burleson,TX,Johnson
76519,30.973648,-96.964199,Burlington,TX,Milam
78611,30.749465,-98.238816,Burnet,TX,Burnet
77835,30.179152,-96.628566,Burton,TX,Washington
79012,35.225625,-102.029919,Bushland,TX,Potter
76357,34.072254,-98.191301,Byers,TX,Clay
76631,31.968293,-97.003015,Bynum,TX,Hill
79013,36.041191,-102.00075,Cactus,TX,Moore
76429,32.715706,-98.749054,Caddo,TX,Stephens
75135,33.076823,-96.219803,Caddo Mills,TX,Hunt
77836,30.526184,-96.658407,Caldwell,TX,Burleson
75933,30.714636,-93.709628,Call,TX,Newton
78007,28.350458,-98.56876,Calliham,TX,Mcmullen
77837,30.980617,-96.674911,Calvert,TX,Robertson
75934,30.817866,-94.869052,Camden,TX,Polk
76520,30.812561,-96.902747,Cameron,TX,Milam
78833,29.669203,-100.012219,Camp Wood,TX,Real
75422,33.12254,-95.934428,Campbell,TX,Hunt
78008,28.788589,-98.139626,Campbellton,TX,Atascosa
79014,35.904503,-100.384093,Canadian,TX,Hemphill
75103,32.611471,-95.900705,Canton,TX,Van Zandt
79835,31.907296,-106.596493,Canutillo,TX,El Paso
79015,35.004998,-101.91008,Canyon,TX,Randall
78133,29.801223,-98.220684,Canyon Lake,TX,Comal
76435,32.228414,-98.819663,Carbon,TX,Eastland
79222,34.529678,-100.207642,Carey,TX,Childress
76934,31.626621,-100.669391,Carlsbad,TX,Tom Green
76436,31.717077,-98.115083,Carlton,TX,Hamilton
78932,30.112343,-96.719014,Carmine,TX,Fayette
78834,28.507128,-99.726018,Carrizo Springs,TX,Dimmit
75006,32.767268,-96.777626,Carrollton,TX,Dallas
75633,32.183133,-94.309189,Carthage,TX,Panola
75636,33.122567,-94.735972,Cason,TX,Morris
76831,30.70395,-98.657239,Castell,TX,Llano
78009,29.364948,-98.909219,Castroville,TX,Medina
78933,29.886715,-96.290838,Cat Spring,TX,Austin
78836,28.42297,-99.75426,Catarina,TX,Dimmit
75832,31.794191,-95.661964,Cayuga,TX,Anderson
78612,30.083931,-97.486885,Cedar Creek,TX,Bastrop
75104,32.767268,-96.777626,Cedar Hill,TX,Dallas
77415,28.815437,-95.846061,Cedar Lane,TX,Matagorda
78613,30.494032,-97.628724,Cedar Park,TX,Williamson
79223,34.074854,-100.258156,Cee Vee,TX,Cottle
75423,33.23896,-96.175726,Celeste,TX,Hunt
75009,33.332852,-96.726103,Celina,TX,Collin
75935,31.780781,-94.235334,Center,TX,Shelby
78010,29.931026,-99.067431,Center Point,TX,Kerr
75833,31.363103,-95.899965,Centerville,TX,Leon
75834,31.105786,-95.138794,Centralia,TX,Trinity
79224,34.074854,-100.258156,Chalk,TX,Cottle
75758,32.257185,-95.539252,Chandler,TX,Henderson
77530,29.83399,-95.434241,Channelview,TX,Harris
79018,35.685842,-102.330294,Channing,TX,Hartley
78347,27.777,-97.463213,Chapman Ranch,TX,Nueces
77426,30.156759,-96.278602,Chappell Hill,TX,Washington
78011,28.814293,-98.655756,Charlotte,TX,Atascosa
75105,32.243775,-96.414423,Chatfield,TX,Navarro
76832,30.965073,-98.710661,Cherokee,TX,San Saba
75936,30.766328,-94.463387,Chester,TX,Tyler
76431,33.301868,-97.814354,Chico,TX,Wise
75425,33.65973,-95.582906,Chicota,TX,Lamar
79201,34.4104,-100.236376,Childress,TX,Childress
79225,34.195699,-99.547098,Chillicothe,TX,Hardeman
76632,31.303213,-97.039384,Chilton,TX,Falls
77613,30.025795,-94.197989,China,TX,Jefferson
76633,31.666665,-97.310809,China Spring,TX,Mclennan
75937,31.486578,-94.348665,Chireno,TX,Nacogdoches
77838,30.513118,-96.618047,Chriesman,TX,Burleson
78012,28.785811,-98.488586,Christine,TX,Atascosa
76935,31.188841,-100.544674,Christoval,TX,Tom Green
78108,29.555429,-98.090085,Cibolo,TX,Guadalupe
76437,32.286476,-98.973319,Cisco,TX,Eastland
79226,34.968107,-100.891655,Clarendon,TX,Donley
75426,33.61306,-95.096511,Clarksville,TX,Red River
79019,35.133039,-101.460835,Claude,TX,Armstrong
77839,30.341403,-96.526669,Clay,TX,Burleson
75637,32.102729,-94.493543,Clayton,TX,Panola
76031,32.317774,-97.440849,Cleburne,TX,Johnson
77327,30.343114,-94.978471,Cleveland,TX,Liberty
76634,31.791801,-97.520315,Clifton,TX,Bosque
79836,31.510446,-106.145329,Clint,TX,El Paso
77531,29.031236,-95.3908,Clute,TX,Brazoria
79510,32.297559,-99.412891,Clyde,TX,Callahan
79511,32.299597,-101.343248,Coahoma,TX,Howard
77331,30.588554,-95.111278,Coldspring,TX,San Jacinto
76834,31.896653,-99.400197,Coleman,TX,Coleman
77840,30.582241,-96.289328,College Station,TX,Brazos
77428,28.754719,-95.945896,Collegeport,TX,Matagorda
76034,32.88955,-97.143409,Colleyville,TX,Tarrant
76233,33.561589,-96.856165,Collinsville,TX,Grayson
75938,30.900651,-94.391575,Colmesneil,TX,Tyler
79512,32.340912,-100.900564,Colorado City,TX,Mitchell
78934,29.69632,-96.592531,Columbus,TX,Colorado
76442,31.979672,-98.513844,Comanche,TX,Comanche
78535,26.245051,-97.74157,Combes,TX,Cameron
78013,29.945489,-98.712767,Comfort,TX,Kendall
75428,33.289045,-95.976965,Commerce,TX,Hunt
75431,33.095582,-95.656717,Como,TX,Hopkins
78837,29.763171,-101.230032,Comstock,TX,Val Verde
78838,29.357005,-99.762039,Concan,TX,Uvalde
78349,27.660242,-98.517894,Concepcion,TX,Duval
77850,31.313816,-95.993482,Concord,TX,Leon
77301,30.310041,-95.51232,Conroe,TX,Montgomery
78109,29.378081,-98.250136,Converse,TX,Bexar
75558,33.19045,-94.967456,Cookville,TX,Titus
76635,31.695145,-96.586919,Coolidge,TX,Limestone
75432,33.344751,-95.74361,Cooper,TX,Delta
75121,33.061849,-96.417438,Copeville,TX,Collin
75019,32.767268,-96.777626,Coppell,TX,Dallas
76522,31.202919,-97.930051,Copperas Cove,TX,Coryell
78401,27.759399,-97.648158,Corpus Christi,TX,Nueces
75939,31.040793,-94.812363,Corrigan,TX,Polk
75109,,,Corsicana,TX,Navarro
78614,29.447211,-97.494649,Cost,TX,Gonzales
79021,34.068903,-101.826997,Cotton Center,TX,Hale
78014,28.243436,-99.278563,Cotulla,TX,La Salle
78615,30.487161,-97.367571,Coupland,TX,Williamson
76636,32.235057,-97.229962,Covington,TX,Hill
79730,30.711984,-102.676783,Coyanosa,TX,Pecos
75114,32.661312,-96.444347,Crandall,TX,Kaufman
79731,31.500553,-102.347243,Crane,TX,Crane
76637,31.897381,-97.64097,Cranfills Gap,TX,Bosque
76638,31.565099,-97.43051,Crawford,TX,Mclennan
76035,32.473973,-97.67747,Cresson,TX,Hood
75835,31.320814,-95.392816,Crockett,TX,Houston
77532,29.83399,-95.434241,Crosby,TX,Harris
79322,33.616133,-101.306058,Crosbyton,TX,Crosby
76443,32.16742,-99.221055,Cross Plains,TX,Callahan
79227,33.968163,-99.641288,Crowell,TX,Foard
76036,32.771419,-97.291484,Crowley,TX,Tarrant
78839,28.69381,-99.824936,Crystal City,TX,Zavala
77954,29.093677,-97.260776,Cuero,TX,De Witt
75433,33.136079,-95.844353,Cumby,TX,Hopkins
75759,31.873255,-95.228829,Cuney,TX,Cherokee
75434,33.65973,-95.582906,Cunningham,TX,Lamar
75760,31.714047,-94.841773,Cushing,TX,Nacogdoches
77410,29.83399,-95.434241,Cypress,TX,Harris
78850,29.339502,-99.321884,D Hanis,TX,Medina
75638,33.044611,-94.739524,Daingerfield,TX,Morris
77533,30.105083,-94.856128,Daisetta,TX,Liberty
78616,29.889187,-97.573078,Dale,TX,Caldwell
79022,36.277826,-102.602022,Dalhart,TX,Dallam
77332,30.817866,-94.869052,Dallardsville,TX,Polk
75201,32.781179,-96.790329,Dallas,TX,Dallas
77430,29.235317,-95.677475,Damon,TX,Brazoria
77534,29.319781,-95.309176,Danbury,TX,Brazoria
77431,29.173701,-95.820719,Danciger,TX,Brazoria
77432,29.298532,-96.241147,Danevang,TX,Wharton
79024,36.445302,-100.325415,Darrouzett,TX,Lipscomb
76523,30.784169,-96.96376,Davilla,TX,Milam
79025,34.910608,-102.200173,Dawn,TX,Deaf Smith
76639,31.909682,-96.646518,Dawson,TX,Navarro
77535,30.064742,-94.80927,Dayton,TX,Liberty
75639,32.259146,-94.21128,De Berry,TX,Panola
75559,33.506028,-94.589575,De Kalb,TX,Bowie
76444,32.070468,-98.650751,De Leon,TX,Comanche
77852,30.513118,-96.618047,Deanville,TX,Burleson
76234,33.260148,-97.610974,Decatur,TX,Wise
77536,29.687972,-95.116749,Deer Park,TX,Harris
78840,29.410195,-100.893202,Del Rio,TX,Val Verde
78617,30.151068,-97.60206,Del Valle,TX,Travis
79837,31.958194,-105.201061,Dell City,TX,Hudspeth
78536,26.421394,-98.848757,Delmita,TX,Starr
75020,33.76672,-96.546662,Denison,TX,Grayson
76439,32.632495,-97.957483,Dennis,TX,Parker
76201,33.244683,-97.200555,Denton,TX,Denton
79323,33.005196,-102.851592,Denver City,TX,Yoakum
75435,33.530359,-95.318244,Deport,TX,Lamar
76445,32.296818,-98.796686,Desdemona,TX,Eastland
75115,32.620585,-96.822778,Desoto,TX,Dallas
75436,33.664645,-95.262837,Detroit,TX,Red River
77538,29.990724,-94.723055,Devers,TX,Liberty
78016,29.21041,-98.978383,Devine,TX,Medina
77614,30.584648,-93.749467,Deweyville,TX,Newton
75640,32.769819,-94.703213,Diana,TX,Upshur
75941,31.221634,-94.593924,Diboll,TX,Angelina
79229,33.62196,-100.841745,Dickens,TX,Dickens
77539,29.458472,-95.034525,Dickinson,TX,Galveston
75437,33.168606,-95.585464,Dike,TX,Hopkins
78017,28.763313,-99.217995,Dilley,TX,Frio
77853,30.277104,-96.892115,Dime Box,TX,Lee
79027,34.530453,-102.262133,Dimmitt,TX,Castro
78350,28.421814,-98.071902,Dinero,TX,Live Oak
77333,30.374064,-95.79387,Dobbin,TX,Montgomery
75438,33.57047,-96.054433,Dodd City,TX,Fannin
77334,30.77197,-95.383817,Dodge,TX,Walker
79230,34.765663,-100.021258,Dodson,TX,Collingsworth
75838,31.595644,-96.075096,Donie,TX,Freestone
78537,26.211241,-98.134864,Donna,TX,Hidalgo
76836,31.217152,-99.347156,Doole,TX,Mcculloch
78618,30.373945,-99.096213,Doss,TX,Gillespie
75942,30.808063,-94.427902,Doucette,TX,Tyler
79231,34.071514,-101.30313,Dougherty,TX,Floyd
75943,31.622983,-94.851213,Douglass,TX,Nacogdoches
75560,33.095778,-94.348359,Douglassville,TX,Cass
78619,30.09393,-98.000454,Driftwood,TX,Hays
78620,30.165463,-98.044468,Dripping Springs,TX,Hays
78351,27.633281,-97.763356,Driscoll,TX,Nueces
78851,30.218602,-102.106642,Dryden,TX,Terrell
76446,32.123145,-98.289028,Dublin,TX,Erath
79029,35.9216,-101.92026,Dumas,TX,Moore
79232,33.616572,-100.254835,Dumont,TX,King
75116,32.767268,-96.777626,Duncanville,TX,Dallas
79516,32.747707,-100.9153,Dunn,TX,Scurry
79607,32.427052,-99.745385,Dyess Afb,TX,Taylor
77434,29.590148,-96.35207,Eagle Lake,TX,Colorado
78852,28.781057,-100.312766,Eagle Pass,TX,Maverick
76802,31.787392,-98.922858,Early,TX,Brown
79031,34.237177,-102.36276,Earth,TX,Lamb
77435,29.484089,-96.093732,East Bernard,TX,Wharton
76448,32.403972,-98.777973,Eastland,TX,Eastland
75641,32.51121,-94.783493,Easton,TX,Gregg
78111,28.944864,-97.882815,Ecleto,TX,Karnes
75439,33.575694,-96.138464,Ector,TX,Fannin
78538,26.332751,-97.96224,Edcouch,TX,Hidalgo
76524,31.308813,-97.277397,Eddy,TX,Mclennan
76837,31.174061,-99.876368,Eden,TX,Concho
75117,32.71476,-95.85635,Edgewood,TX,Van Zandt
78539,26.328674,-98.139672,Edinburg,TX,Hidalgo
79032,34.278925,-101.894088,Edmonson,TX,Hale
77957,29.003797,-96.68519,Edna,TX,Jackson
78352,27.964959,-97.668225,Edroy,TX,San Patricio
77436,29.375762,-96.227967,Egypt,TX,Wharton
77437,29.322527,-96.234361,El Campo,TX,Wharton
78860,28.529532,-100.334651,El Indio,TX,Maverick
79901,31.763608,-106.484592,El Paso,TX,El Paso
76936,30.912773,-100.676722,Eldorado,TX,Schleicher
76360,33.999472,-98.743552,Electra,TX,Wichita
78621,30.308019,-97.36044,Elgin,TX,Bastrop
75839,31.64803,-95.555052,Elkhart,TX,Anderson
78938,29.854599,-96.685111,Ellinger,TX,Fayette
76640,31.699922,-97.11457,Elm Mott,TX,Mclennan
77440,28.754719,-95.945896,Elmaton,TX,Matagorda
78112,29.207578,-98.383291,Elmendorf,TX,Bexar
75118,32.599614,-96.302743,Elmo,TX,Kaufman
78543,26.297428,-97.98837,Elsa,TX,Hidalgo
75642,32.386275,-94.210541,Elysian Fields,TX,Harrison
75440,32.834006,-95.724069,Emory,TX,Rains
78019,28.040526,-99.356329,Encinal,TX,La Salle
78353,27.023059,-98.261049,Encino,TX,Brooks
76452,31.972712,-98.540485,Energy,TX,Comanche
75441,33.356865,-95.584162,Enloe,TX,Delta
75119,32.333778,-96.63479,Ennis,TX,Ellis
79324,33.868293,-102.764582,Enochs,TX,Bailey
76937,31.361745,-100.092229,Eola,TX,Concho
76238,33.490924,-97.313913,Era,TX,Cooke
79233,34.530559,-100.681047,Estelline,TX,Hall
75944,31.534162,-94.639022,Etoile,TX,Nacogdoches
76039,32.859305,-97.075688,Euless,TX,Tarrant
75124,32.289838,-95.791559,Eustace,TX,Henderson
77615,30.69986,-94.163,Evadale,TX,Jefferson
76525,31.438841,-98.053477,Evant,TX,Coryell
79838,31.519675,-106.20338,Fabens,TX,El Paso
75840,31.767543,-96.138094,Fairfield,TX,Freestone
78545,26.562044,-99.133528,Falcon Heights,TX,Starr
78355,27.223209,-98.145056,Falfurrias,TX,Brooks
78113,28.967642,-98.015225,Falls City,TX,Karnes
77960,28.677805,-97.260556,Fannin,TX,Goliad
75442,33.218463,-96.379009,Farmersville,TX,Collin
79033,36.391123,-100.761225,Farnsworth,TX,Ochiltree
79325,34.524376,-102.784569,Farwell,TX,Parmer
75132,32.955476,-96.367821,Fate,TX,Rockwall
78940,29.859063,-96.845436,Fayetteville,TX,Fayette
78622,29.76084,-97.751156,Fentress,TX,Caldwell
75125,32.494337,-96.640443,Ferris,TX,Ellis
79326,34.068938,-102.350649,Fieldton,TX,Lamb
78623,29.95346,-98.228503,Fischer,TX,Comal
76526,31.295568,-97.582152,Flat,TX,Coryell
78941,29.782749,-97.111371,Flatonia,TX,Fayette
75762,32.226635,-95.390166,Flint,TX,Smith
79234,34.073908,-100.779551,Flomot,TX,Motley
76527,30.807586,-97.78119,Florence,TX,Williamson
78114,29.162771,-98.175887,Floresville,TX,Wilson
75022,33.026795,-97.119331,Flower Mound,TX,Denton
79235,34.015814,-101.381126,Floydada,TX,Floyd
79517,32.853009,-101.103033,Fluvanna,TX,Scurry
77855,31.15928,-96.12342,Flynn,TX,Leon
79034,36.433821,-100.139117,Follett,TX,Lipscomb
76239,33.436183,-97.565592,Forestburg,TX,Montague
75126,32.723931,-96.450819,Forney,TX,Kaufman
76041,32.248588,-96.823225,Forreston,TX,Ellis
79733,32.110537,-101.366949,Forsan,TX,Howard
79734,30.758682,-104.209994,Fort Davis,TX,Jeff Davis
79839,31.315723,-105.452562,Fort Hancock,TX,Hudspeth
76841,30.931395,-99.827483,Fort Mc Kavett,TX,Menard
79735,30.886367,-102.890491,Fort Stockton,TX,Pecos
76101,32.771419,-97.291484,Fort Worth,TX,Tarrant
78021,28.338951,-99.098369,Fowlerton,TX,La Salle
77961,28.961388,-96.501501,Francitas,TX,Jackson
77856,31.000137,-96.517098,Franklin,TX,Robertson
75763,31.992987,-95.499133,Frankston,TX,Anderson
77616,30.792674,-94.354476,Fred,TX,Tyler
78624,30.313385,-98.8936,Fredericksburg,TX,Gillespie
76842,30.719628,-99.224184,Fredonia,TX,Mason
77541,29.161924,-95.342392,Freeport,TX,Brazoria
78357,27.899181,-98.614928,Freer,TX,Duval
77545,29.525461,-95.756462,Fresno,TX,Fort Bend
77546,29.482185,-95.156545,Friendswood,TX,Galveston
79035,34.627408,-102.784361,Friona,TX,Parmer
75034,33.152222,-96.796437,Frisco,TX,Collin
79036,35.663213,-101.575988,Fritch,TX,Hutchinson
76641,32.01253,-96.792321,Frost,TX,Navarro
75127,32.685045,-95.79425,Fruitvale,TX,Van Zandt
77441,29.688985,-95.935279,Fulshear,TX,Fort Bend
78358,28.058922,-97.052415,Fulton,TX,Aransas
79738,32.743795,-101.432354,Gail,TX,Borden
76240,33.654698,-97.158295,Gainesville,TX,Cooke
77547,29.83399,-95.434241,Galena Park,TX,Harris
75764,31.88493,-95.157159,Gallatin,TX,Cherokee
77550,29.323619,-94.913451,Galveston,TX,Galveston
77962,28.988713,-96.456421,Ganado,TX,Jackson
78547,26.339353,-98.737359,Garciasville,TX,Starr
79739,31.864331,-101.49375,Garden City,TX,Glasscock
79758,32.028014,-102.340552,Gardendale,TX,Ector
75040,32.931523,-96.615821,Garland,TX,Dallas
75946,31.771781,-94.526793,Garrison,TX,Nacogdoches
77442,29.447899,-96.397296,Garwood,TX,Colorado
75643,32.033446,-94.380023,Gary,TX,Panola
76528,31.417739,-97.833033,Gatesville,TX,Coryell
77857,30.783324,-96.723691,Gause,TX,Milam
75947,31.373062,-93.821948,Geneva,TX,Sabine
78022,28.302094,-98.104154,George West,TX,Live Oak
78626,30.668034,-97.574706,Georgetown,TX,Williamson
78115,29.54508,-98.040833,Geronimo,TX,Guadalupe
78942,30.249357,-96.931852,Giddings,TX,Lee
77617,29.523018,-94.475459,Gilchrist,TX,Galveston
78116,29.092731,-97.843908,Gillett,TX,Karnes
75644,32.712654,-94.909365,Gilmer,TX,Upshur
79518,33.336305,-100.774317,Girard,TX,Kent
79740,30.711984,-102.676783,Girvin,TX,Pecos
75647,32.477189,-94.9327,Gladewater,TX,Gregg
77443,29.335331,-96.175363,Glen Flora,TX,Wharton
76043,32.210812,-97.792155,Glen Rose,TX,Somervell
78943,29.699366,-96.5942,Glidden,TX,Colorado
75443,33.469719,-96.111103,Gober,TX,Fannin
76044,32.418496,-97.530566,Godley,TX,Johnson
75444,32.777228,-95.407675,Golden,TX,Wood
79519,32.058222,-99.686094,Goldsboro,TX,Coleman
79741,31.981472,-102.615727,Goldsmith,TX,Ector
76844,31.447214,-98.458794,Goldthwaite,TX,Mills
77963,28.664092,-97.460854,Goliad,TX,Goliad
78629,29.543029,-97.543969,Gonzales,TX,Gonzales
76908,31.39577,-100.68959,Goodfellow Afb,TX,Tom Green
77335,30.594279,-94.904791,Goodrich,TX,Polk
76453,32.616663,-98.368583,Gordon,TX,Palo Pinto
76245,33.826599,-96.851241,Gordonville,TX,Grayson
76363,33.514168,-99.572744,Goree,TX,Knox
76454,32.221688,-98.719352,Gorman,TX,Eastland
76845,31.528604,-99.546975,Gouldbusk,TX,Coleman
76449,32.774543,-98.337981,Graford,TX,Palo Pinto
76450,33.092674,-98.64403,Graham,TX,Young
76048,32.435405,-97.844867,Granbury,TX,Hood
75050,32.767268,-96.777626,Grand Prairie,TX,Dallas
75140,32.661269,-95.77607,Grand Saline,TX,Van Zandt
79742,31.340332,-102.854027,Grandfalls,TX,Ward
76050,32.336003,-97.311068,Grandview,TX,Johnson
76530,30.71136,-97.418471,Granger,TX,Williamson
75844,31.495931,-95.468798,Grapeland,TX,Houston
76051,32.932843,-97.080802,Grapevine,TX,Tarrant
75401,33.104859,-96.115491,Greenville,TX,Hunt
76246,33.317914,-97.609392,Greenwood,TX,Wise
78359,27.945389,-97.245888,Gregory,TX,San Patricio
76642,31.473823,-96.543147,Groesbeck,TX,Limestone
79039,35.276741,-101.232275,Groom,TX,Carson
77619,29.941563,-93.916957,Groves,TX,Jefferson
75845,31.062102,-95.142669,Groveton,TX,Trinity
78548,26.289718,-98.647936,Grulla,TX,Starr
79040,36.230799,-101.310055,Gruver,TX,Hansford
78360,27.071318,-98.686327,Guerra,TX,Jim Hogg
75058,33.449135,-96.709494,Gunter,TX,Grayson
76455,31.846846,-98.401686,Gustine,TX,Comanche
79236,33.616723,-100.254782,Guthrie,TX,King
77444,29.349957,-95.77215,Guy,TX,Fort Bend
79041,34.064607,-101.845753,Hale Center,TX,Hale
77964,29.418431,-96.93942,Hallettsville,TX,Lavaca
75650,32.526928,-94.573183,Hallsville,TX,Harrison
76117,32.801874,-97.263393,Haltom City,TX,Tarrant
76531,31.671399,-98.107585,Hamilton,TX,Hamilton
79520,32.817535,-99.967329,Hamlin,TX,Jones
77622,29.851906,-94.289265,Hamshire,TX,Jefferson
77560,29.693181,-94.685815,Hankamer,TX,Chambers
79042,34.741789,-101.857175,Happy,TX,Swisher
77561,30.150955,-94.733789,Hardin,TX,Liberty
78549,26.409709,-98.224206,Hargill,TX,Hidalgo
76548,31.028627,-97.611484,Harker Heights,TX,Bell
75651,32.676919,-94.531537,Harleton,TX,Harrison
78550,26.185202,-97.536807,Harlingen,TX,Cameron
78631,30.247879,-99.268227,Harper,TX,Gillespie
76364,34.118913,-99.033787,Harrold,TX,Wilbarger
79043,34.385133,-102.117552,Hart,TX,Castro
79044,35.891634,-102.392664,Hartley,TX,Hartley
78632,29.447211,-97.494649,Harwood,TX,Gonzales
79521,33.207016,-99.717417,Haskell,TX,Haskell
76052,32.941139,-97.353767,Haslet,TX,Tarrant
75765,32.648003,-95.23372,Hawkins,TX,Wood
79525,32.642251,-99.923862,Hawley,TX,Jones
77859,30.925686,-96.581229,Hearne,TX,Robertson
78361,27.07069,-98.692717,Hebbronville,TX,Jim Hogg
79237,34.869376,-100.658936,Hedley,TX,Donley
76533,31.049621,-97.493616,Heidenheimer,TX,Bell
78023,29.437532,-98.461582,Helotes,TX,Bexar
75948,31.329084,-93.773671,Hemphill,TX,Sabine
77445,30.02851,-96.02782,Hempstead,TX,Waller
75652,32.213061,-94.783436,Henderson,TX,Rusk
76365,33.906101,-98.201732,Henrietta,TX,Clay
79045,34.966095,-102.31309,Hereford,TX,Deaf Smith
79526,32.666914,-100.789448,Hermleigh,TX,Scurry
76643,31.522017,-97.164392,Hewitt,TX,Mclennan
76848,30.89918,-99.80024,Hext,TX,Menard
76457,31.939212,-98.032562,Hico,TX,Hamilton
78557,26.185789,-98.272287,Hidalgo,TX,Hidalgo
79046,36.118997,-100.027623,Higgins,TX,Lipscomb
77623,29.547224,-94.426731,High Island,TX,Galveston
77562,29.83399,-95.434241,Highlands,TX,Harris
77624,30.675022,-94.353409,Hillister,TX,Tyler
76645,31.937903,-97.057661,Hillsboro,TX,Hill
77563,29.344488,-94.990471,Hitchcock,TX,Galveston
78117,28.993819,-97.928162,Hobson,TX,Karnes
77967,29.098894,-97.365742,Hochheim,TX,De Witt
77447,29.83399,-95.434241,Hockley,TX,Harris
76534,30.887588,-97.418108,Holland,TX,Bell
76366,33.711373,-98.711928,Holliday,TX,Archer
78861,29.398586,-99.176245,Hondo,TX,Medina
75446,33.488056,-96.085924,Honey Grove,TX,Fannin
75561,33.407128,-94.337772,Hooks,TX,Bowie
77001,29.813142,-95.309789,Houston,TX,Harris
75459,33.535538,-96.655494,Howe,TX,Grayson
76648,31.905748,-97.079707,Hubbard,TX,Hill
77336,29.83399,-95.434241,Huffman,TX,Harris
77337,29.83399,-95.434241,Hufsmith,TX,Harris
75656,32.953226,-94.599193,Hughes Springs,TX,Cass
77564,30.122197,-94.667832,Hull,TX,Liberty
77325,29.83399,-95.434241,Humble,TX,Harris
77448,29.413676,-96.092868,Hungerford,TX,Wharton
78024,30.079396,-99.303613,Hunt,TX,Kerr
75949,31.285984,-94.526589,Huntington,TX,Angelina
77320,30.846986,-95.597029,Huntsville,TX,Walker
76053,32.882663,-97.227779,Hurst,TX,Tarrant
75141,32.633257,-96.689174,Hutchins,TX,Dallas
78634,30.551885,-97.554189,Hutto,TX,Williamson
78635,30.225386,-98.542031,Hye,TX,Blanco
79329,33.593715,-101.814803,Idalou,TX,Lubbock
79743,30.711984,-102.676783,Imperial,TX,Pecos
78944,29.977686,-96.451652,Industry,TX,Austin
77968,28.851753,-96.857725,Inez,TX,Victoria
78362,27.873566,-97.224236,Ingleside,TX,San Patricio
78025,30.07271,-99.207682,Ingram,TX,Kerr
77861,30.714476,-96.09887,Iola,TX,Grimes
76367,33.969067,-98.717032,Iowa Park,TX,Wichita
79527,32.646004,-101.030102,Ira,TX,Scurry
79744,30.914993,-101.899569,Iraan,TX,Pecos
76649,31.984603,-97.870387,Iredell,TX,Bosque
76650,31.987167,-97.108113,Irene,TX,Hill
75014,32.767268,-96.777626,Irving,TX,Dallas
76651,32.189616,-96.873872,Italy,TX,Ellis
76055,32.176705,-97.20549,Itasca,TX,Hill
75447,33.58203,-95.921449,Ivanhoe,TX,Fannin
76458,33.246805,-98.264241,Jacksboro,TX,Jack
75766,31.865305,-95.155683,Jacksonville,TX,Cherokee
76537,30.811931,-97.594186,Jarrell,TX,Williamson
75951,30.867257,-93.997666,Jasper,TX,Jasper
79528,33.185031,-100.646103,Jayton,TX,Kent
75657,32.805853,-94.365546,Jefferson,TX,Marion
76459,33.234207,-98.172371,Jermyn,TX,Jack
75846,31.304025,-96.16864,Jewett,TX,Leon
75954,31.966633,-94.058836,Joaquin,TX,Shelby
78636,30.21577,-98.405866,Johnson City,TX,Blanco
75658,32.195927,-94.906515,Joinerville,TX,Rusk
76538,31.559947,-97.845634,Jonesboro,TX,Coryell
75659,32.507491,-94.110636,Jonesville,TX,Harrison
75164,33.084304,-96.321337,Josephine,TX,Collin
76058,32.408644,-97.303647,Joshua,TX,Johnson
78026,28.932742,-98.612998,Jourdanton,TX,Atascosa
75660,32.51121,-94.783493,Judson,TX,Gregg
76849,30.49687,-99.776055,Junction,TX,Kimble
79330,33.179123,-101.298004,Justiceburg,TX,Garza
76247,33.100744,-97.245551,Justin,TX,Denton
76369,34.023386,-98.687748,Kamay,TX,Wichita
75661,32.65575,-94.154735,Karnack,TX,Harrison
78118,28.922377,-97.937085,Karnes City,TX,Karnes
77449,29.83399,-95.434241,Katy,TX,Harris
75142,32.581306,-96.265477,Kaufman,TX,Kaufman
76059,32.334964,-97.30553,Keene,TX,Johnson
76244,32.771419,-97.291484,Keller,TX,Tarrant
77565,29.465064,-95.053246,Kemah,TX,Galveston
75143,32.24862,-96.216065,Kemp,TX,Kaufman
76539,31.107716,-97.957926,Kempner,TX,Lampasas
78027,29.968844,-98.540536,Kendalia,TX,Kendall
77451,29.466642,-95.994475,Kendleton,TX,Fort Bend
78119,28.883947,-97.858465,Kenedy,TX,Karnes
75847,31.361995,-95.182216,Kennard,TX,Houston
76060,32.771419,-97.291484,Kennedale,TX,Tarrant
77452,29.849283,-96.313271,Kenney,TX,Austin
75144,32.124332,-96.368686,Kerens,TX,Navarro
79745,31.808357,-103.1135,Kermit,TX,Winkler
79051,36.277839,-102.602174,Kerrick,TX,Dallam
78028,29.988525,-99.155469,Kerrville,TX,Kerr
75562,33.008643,-94.361886,Kildare,TX,Cass
75662,32.410306,-94.793392,Kilgore,TX,Gregg
76540,31.085833,-97.357099,Killeen,TX,Bell
78638,29.658865,-97.835535,Kingsbury,TX,Guadalupe
78639,30.697117,-98.548345,Kingsland,TX,Llano
78363,27.422876,-97.84068,Kingsville,TX,Kleberg
75956,30.658273,-93.8984,Kirbyville,TX,Jasper
79238,34.529678,-100.207642,Kirkland,TX,Childress
75848,31.847652,-96.280967,Kirvin,TX,Freestone
75448,33.356865,-95.584162,Klondike,TX,Delta
76939,31.250101,-100.592015,Knickerbocker,TX,Tom Green
78870,29.298401,-99.636636,Knippa,TX,Uvalde
79748,32.378209,-101.61263,Knott,TX,Howard
79529,33.493579,-99.812671,Knox City,TX,Knox
76652,31.897381,-97.64097,Kopperl,TX,Bosque
76653,31.312973,-96.629121,Kosse,TX,Limestone
77625,30.361001,-94.37408,Kountze,TX,Hardin
79052,34.361722,-101.749905,Kress,TX,Swisher
76249,33.224192,-97.286741,Krum,TX,Denton
77862,30.65212,-96.341012,Kurten,TX,Brazos
78640,29.996599,-97.83354,Kyle,TX,Hays
78558,26.294532,-98.045699,La Blanca,TX,Hidalgo
78039,29.311728,-98.839256,La Coste,TX,Medina
78559,26.131353,-97.754971,La Feria,TX,Cameron
78945,29.896494,-96.872133,La Grange,TX,Fayette
78560,26.242565,-98.474651,La Joya,TX,Hidalgo
77568,29.374626,-94.998361,La Marque,TX,Galveston
77571,29.688447,-95.051319,La Porte,TX,Harris
78872,28.943649,-99.843874,La Pryor,TX,Zavala
77969,28.851185,-96.681608,La Salle,TX,Jackson
78121,29.34551,-98.087356,La Vernia,TX,Wilson
78562,26.299892,-97.924718,La Villa,TX,Hidalgo
77970,28.896485,-96.462184,La Ward,TX,Jackson
75449,33.494184,-96.150371,Ladonia,TX,Fannin
76644,31.897381,-97.64097,Laguna Park,TX,Bosque
75666,32.301898,-94.928795,Laird Hill,TX,Rusk
75450,33.356865,-95.584162,Lake Creek,TX,Delta
75065,33.131089,-97.008563,Lake Dallas,TX,Denton
77566,29.09609,-95.425232,Lake Jackson,TX,Brazoria
79239,34.672342,-100.696501,Lakeview,TX,Hall
79331,32.715593,-101.937544,Lamesa,TX,Dawson
76550,31.183225,-98.236306,Lampasas,TX,Lampasas
75134,32.621185,-96.76442,Lancaster,TX,Dallas
77453,29.170387,-96.014159,Lane City,TX,Wharton
75667,31.986546,-94.859558,Laneville,TX,Rusk
78871,29.763171,-101.230032,Langtry,TX,Val Verde
78040,27.515879,-99.494078,Laredo,TX,Webb
75770,32.127602,-95.641089,Larue,TX,Henderson
78561,26.561287,-97.429952,Lasara,TX,Willacy
75849,31.25937,-95.367485,Latexo,TX,Houston
78843,29.356379,-100.79269,Laughlin A F B,TX,Val Verde
75166,33.013879,-96.437656,Lavon,TX,Collin
79530,32.128322,-99.823884,Lawn,TX,Taylor
79053,34.52997,-102.784583,Lazbuddie,TX,Parmer
77573,29.496451,-95.052262,League City,TX,Galveston
78873,29.865649,-99.686783,Leakey,TX,Real
78641,30.583474,-97.857453,Leander,TX,Williamson
78946,30.09469,-96.795224,Ledbetter,TX,Fayette
75451,32.989797,-94.936022,Leesburg,TX,Camp
78122,29.407188,-97.741358,Leesville,TX,Gonzales
79054,35.439056,-100.805869,Lefors,TX,Gray
77350,30.856814,-94.856052,Leggett,TX,Polk
79240,34.965525,-100.814865,Lelia Lake,TX,Donley
78050,29.101362,-98.488128,Leming,TX,Atascosa
79749,32.258885,-101.844195,Lenorah,TX,Martin
76552,31.351234,-97.548468,Leon Junction,TX,Coryell
75850,31.189891,-95.901284,Leona,TX,Leon
75452,33.41874,-96.238027,Leonard,TX,Fannin
76654,31.553646,-97.203166,Leroy,TX,Mclennan
79336,33.606901,-102.345939,Levelland,TX,Hockley
75029,33.20743,-97.116282,Lewisville,TX,Denton
78947,30.405444,-97.020931,Lexington,TX,Lee
77575,30.094593,-94.737806,Liberty,TX,Liberty
78642,30.715353,-97.91191,Liberty Hill,TX,Williamson
76061,32.476067,-97.189257,Lillian,TX,Johnson
78948,30.294922,-96.96599,Lincoln,TX,Lee
75771,32.506185,-95.400598,Lindale,TX,Smith
75563,33.069718,-94.264576,Linden,TX,Cass
76250,33.533869,-97.171723,Lindsay,TX,Cooke
76461,32.221433,-98.342798,Lingleville,TX,Erath
78563,26.409709,-98.224206,Linn,TX,Hidalgo
76462,32.494133,-97.989191,Lipan,TX,Hood
79056,36.277602,-100.273561,Lipscomb,TX,Lipscomb
77454,29.298532,-96.241147,Lissie,TX,Wharton
75068,33.17679,-96.958293,Little Elm,TX,Denton
76554,30.963007,-97.361597,Little River,TX,Bell
79339,34.063781,-102.413251,Littlefield,TX,Lamb
77577,29.266699,-95.288863,Liverpool,TX,Brazoria
77351,30.682947,-94.897605,Livingston,TX,Polk
78643,30.71514,-98.610863,Llano,TX,Llano
78644,29.875405,-97.630472,Lockhart,TX,Caldwell
79241,34.123072,-101.443848,Lockney,TX,Floyd
75564,32.795866,-94.28917,Lodi,TX,Marion
76852,31.217152,-99.347156,Lohn,TX,Mcculloch
77971,28.863912,-96.504071,Lolita,TX,Jackson
76853,31.218283,-98.394921,Lometa,TX,Lampasas
76854,30.498845,-99.709428,London,TX,Kimble
75453,33.012331,-95.933534,Lone Oak,TX,Hunt
75668,32.925231,-94.704906,Lone Star,TX,Morris
75669,32.044916,-94.538115,Long Branch,TX,Panola
77972,28.525453,-96.694818,Long Mott,TX,Calhoun
75601,32.517846,-94.730285,Longview,TX,Gregg
79342,32.671468,-102.644589,Loop,TX,Gaines
78564,26.945418,-99.203985,Lopeno,TX,Zapata
79532,32.378102,-100.759165,Loraine,TX,Mitchell
76655,31.527918,-97.16353,Lorena,TX,Mclennan
79343,33.621158,-101.300936,Lorenzo,TX,Crosby
78565,26.409709,-98.224206,Los Ebanos,TX,Hidalgo
78566,26.131503,-97.552425,Los Fresnos,TX,Cameron
78567,26.041669,-97.693736,Los Indios,TX,Cameron
76656,31.146313,-97.043397,Lott,TX,Falls
77455,29.113458,-96.408664,Louise,TX,Wharton
75851,31.136667,-95.476903,Lovelady,TX,Houston
76460,33.290955,-98.496902,Loving,TX,Young
76855,31.333614,-99.85837,Lowake,TX,Concho
78568,26.190402,-97.542263,Lozano,TX,Cameron
79401,33.607701,-101.842056,Lubbock,TX,Lubbock
79533,32.815151,-99.745175,Lueders,TX,Jones
75901,31.276467,-94.508447,Lufkin,TX,Angelina
78648,29.709928,-97.638005,Luling,TX,Caldwell
77657,30.281836,-94.219122,Lumberton,TX,Hardin
78569,26.406243,-97.791701,Lyford,TX,Willacy
77863,30.359245,-96.591535,Lyons,TX,Burleson
78052,29.213865,-98.755526,Lytle,TX,Atascosa
75147,32.463647,-96.135356,Mabank,TX,Kaufman
78054,29.325602,-98.732187,Macdona,TX,Bexar
77864,30.970828,-95.890751,Madisonville,TX,Madison
77353,30.180626,-95.70925,Magnolia,TX,Montgomery
75148,32.146014,-96.029222,Malakoff,TX,Henderson
76660,31.891824,-96.911219,Malone,TX,Hill
78652,30.123827,-97.839325,Manchaca,TX,Travis
78653,30.343501,-97.512902,Manor,TX,Travis
76063,32.771419,-97.291484,Mansfield,TX,Tarrant
77578,29.478468,-95.374419,Manvel,TX,Brazoria
79344,33.863254,-102.955355,Maple,TX,Bailey
79842,29.818742,-103.060715,Marathon,TX,Brewster
78654,30.663954,-98.161114,Marble Falls,TX,Burnet
79843,30.351902,-104.018475,Marfa,TX,Presidio
75566,33.095778,-94.348359,Marietta,TX,Cass
78124,29.567879,-98.130236,Marion,TX,Guadalupe
77456,28.962723,-96.068212,Markham,TX,Matagorda
76661,31.249621,-96.885602,Marlin,TX,Falls
77865,31.253791,-96.22305,Marquez,TX,Leon
75670,32.538112,-94.406228,Marshall,TX,Harrison
76664,31.554423,-96.871366,Mart,TX,Mclennan
78655,29.839448,-97.850842,Martindale,TX,Caldwell
75958,31.534162,-94.639022,Martinsville,TX,Nacogdoches
79535,32.180499,-100.424987,Maryneal,TX,Nolan
76856,30.752875,-99.142096,Mason,TX,Mason
79058,35.837775,-101.892846,Masterson,TX,Moore
79244,34.01165,-100.820926,Matador,TX,Motley
77457,28.649645,-95.962269,Matagorda,TX,Matagorda
78368,28.000693,-97.539384,Mathis,TX,San Patricio
75567,33.340864,-94.317527,Maud,TX,Bowie
77626,30.203996,-93.886646,Mauriceville,TX,Orange
78656,29.85922,-97.799121,Maxwell,TX,Caldwell
76857,31.951238,-98.927189,May,TX,Brown
75772,31.800846,-95.300142,Maydelle,TX,Cherokee
76064,32.299304,-97.02705,Maypearl,TX,Ellis
76555,30.784169,-96.96376,Maysfield,TX,Milam
79752,31.16157,-102.107279,Mc Camey,TX,Upton
79534,32.753257,-100.232805,Mc Caulley,TX,Fisher
78053,28.851823,-98.268515,Mc Coy,TX,Atascosa
78650,30.272109,-97.236741,Mc Dade,TX,Bastrop
76657,31.40352,-97.393924,Mc Gregor,TX,Mclennan
75069,33.141438,-96.588295,Mc Kinney,TX,Collin
75565,33.095778,-94.348359,Mc Leod,TX,Cass
78651,30.326374,-97.771258,Mc Neil,TX,Travis
78123,29.600748,-98.041576,Mc Queeney,TX,Guadalupe
79243,33.616428,-100.779303,Mcadoo,TX,Dickens
78501,26.269305,-98.224364,Mcallen,TX,Hidalgo
77973,28.551137,-97.009923,Mcfaddin,TX,Victoria
79057,35.231235,-100.60084,Mclean,TX,Gray
79345,33.340812,-102.208876,Meadow,TX,Terry
78055,29.729603,-99.191141,Medina,TX,Bandera
76370,33.453275,-98.929727,Megargel,TX,Archer
75454,33.283706,-96.53316,Melissa,TX,Collin
76858,31.217152,-99.347156,Melvin,TX,Mcculloch
79245,34.730964,-100.539782,Memphis,TX,Hall
76859,30.918307,-99.78049,Menard,TX,Menard
79754,31.825466,-103.65528,Mentone,TX,Loving
78570,26.209065,-98.075583,Mercedes,TX,Hidalgo
76940,31.480347,-100.143724,Mereta,TX,Tom Green
76665,31.926424,-97.652901,Meridian,TX,Bosque
75458,33.242656,-96.291572,Merit,TX,Hunt
79536,32.329643,-99.939593,Merkel,TX,Taylor
76666,32.058486,-96.893871,Mertens,TX,Hill
76941,31.347682,-100.874701,Mertzon,TX,Irion
75149,32.777779,-96.62315,Mesquite,TX,Dallas
76667,31.674789,-96.52153,Mexia,TX,Limestone
77974,28.917556,-97.290727,Meyersville,TX,De Witt
79059,35.71814,-100.676817,Miami,TX,Roberts
78056,29.511723,-98.938654,Mico,TX,Medina
77458,28.941283,-96.217884,Midfield,TX,Matagorda
79755,31.365814,-102.04652,Midkiff,TX,Upton
79701,31.861876,-102.091276,Midland,TX,Midland
76065,32.431364,-96.978849,Midlothian,TX,Ellis
75852,31.009503,-95.772458,Midway,TX,Madison
75959,31.373062,-93.821948,Milam,TX,Sabine
76556,30.730427,-96.880743,Milano,TX,Milam
76861,31.680297,-100.147719,Miles,TX,Runnels
76670,32.150961,-96.981584,Milford,TX,Ellis
76862,31.535046,-99.710871,Millersview,TX,Concho
77866,30.47857,-96.244718,Millican,TX,Brazos
76066,32.745716,-97.956126,Millsap,TX,Parker
75680,32.125654,-94.719095,Minden,TX,Rusk
75773,32.713422,-95.485939,Mineola,TX,Wood
78125,28.424535,-97.732736,Mineral,TX,Bee
76067,32.800128,-98.24943,Mineral Wells,TX,Palo Pinto
76463,32.538075,-98.421901,Mingus,TX,Palo Pinto
78369,27.43807,-99.001969,Mirando City,TX,Webb
78572,26.229639,-98.192732,Mission,TX,Hidalgo
77459,29.323965,-95.649939,Missouri City,TX,Fort Bend
79061,35.515434,-100.414781,Mobeetie,TX,Wheeler
79756,31.548092,-102.943277,Monahans,TX,Ward
77580,29.856137,-94.842939,Mont Belvieu,TX,Chambers
76251,33.647198,-97.720081,Montague,TX,Montague
75853,31.794191,-95.661964,Montalba,TX,Anderson
77316,30.358652,-95.685746,Montgomery,TX,Montgomery
76557,31.335232,-97.336265,Moody,TX,Mclennan
78057,29.059489,-99.020436,Moore,TX,Frio
76464,32.624249,-99.199479,Moran,TX,Shackelford
76671,32.0068,-97.634243,Morgan,TX,Bosque
76465,32.215275,-98.207997,Morgan Mill,TX,Erath
79062,36.277322,-101.354354,Morse,TX,Hansford
79346,33.667497,-102.690997,Morton,TX,Cochran
75960,30.817866,-94.869052,Moscow,TX,Polk
77975,29.576432,-97.145989,Moulton,TX,Lavaca
76558,31.351386,-97.644352,Mound,TX,Coryell
76673,31.755973,-96.882676,Mount Calm,TX,Hill
75681,31.966905,-94.687331,Mount Enterprise,TX,Rusk
75455,33.22101,-94.984645,Mount Pleasant,TX,Titus
75457,33.15396,-95.217812,Mount Vernon,TX,Franklin
78058,30.172545,-99.484971,Mountain Home,TX,Kerr
76252,33.690667,-97.34502,Muenster,TX,Cooke
78949,29.828348,-97.073122,Muldoon,TX,Fayette
79347,34.092391,-102.829924,Muleshoe,TX,Bailey
76864,31.551904,-98.639178,Mullin,TX,Mills
77867,31.026276,-96.533031,Mumford,TX,Robertson
76371,33.495136,-99.642309,Munday,TX,Knox
75778,32.293384,-95.742334,Murchison,TX,Henderson
76253,33.617841,-97.309018,Myra,TX,Cooke
75961,31.664506,-94.578421,Nacogdoches,TX,Nacogdoches
77460,29.60466,-96.524899,Nada,TX,Colorado
75568,33.164839,-94.686156,Naples,TX,Morris
75569,33.406372,-94.223069,Nash,TX,Bowie
78059,29.199959,-98.847138,Natalia,TX,Medina
76127,32.766737,-97.427153,Naval Air Station/ Jrb,TX,Tarrant
77868,30.383369,-96.008619,Navasota,TX,Grimes
79063,34.542943,-102.09605,Nazareth,TX,Castro
75779,31.794191,-95.661964,Neches,TX,Anderson
77627,29.992248,-94.195448,Nederland,TX,Jefferson
77461,29.423517,-95.771651,Needville,TX,Fort Bend
76070,32.234831,-97.665434,Nemo,TX,Somervell
75173,33.073224,-96.428356,Nevada,TX,Collin
77870,31.026276,-96.533031,New Baden,TX,Robertson
75570,33.421142,-94.372021,New Boston,TX,Bowie
78130,29.776488,-98.221041,New Braunfels,TX,Comal
77357,30.27931,-95.436337,New Caney,TX,Montgomery
79350,33.729589,-101.83551,New Deal,TX,Lubbock
79383,33.177231,-101.816432,New Home,TX,Lynn
75682,32.25416,-94.932215,New London,TX,Rusk
75780,31.782048,-95.164021,New Summerfield,TX,Cherokee
78950,29.913413,-96.496067,New Ulm,TX,Austin
77358,30.550542,-95.466582,New Waverly,TX,Walker
76071,33.006977,-97.492336,Newark,TX,Wise
76372,33.1934,-98.742126,Newcastle,TX,Young
77462,29.298532,-96.241147,Newgulf,TX,Wharton
75966,30.838608,-93.767911,Newton,TX,Newton
78140,29.331033,-97.789879,Nixon,TX,Gonzales
76255,33.815096,-97.691515,Nocona,TX,Montague
79537,32.272581,-100.218794,Nolan,TX,Nolan
76559,31.037986,-97.5083,Nolanville,TX,Bell
77629,29.993788,-94.367034,Nome,TX,Jefferson
78141,28.924265,-97.446179,Nordheim,TX,De Witt
77871,31.12486,-96.109604,Normangee,TX,Leon
78142,28.527798,-97.783069,Normanna,TX,Bee
77315,29.83399,-95.434241,North Houston,TX,Harris
76180,32.868023,-97.217416,North Richland Hills,TX,Tarrant
77872,30.913412,-96.085341,North Zulch,TX,Madison
76865,31.869872,-100.163871,Norton,TX,Runnels
79759,31.869142,-102.542944,Notrees,TX,Ector
79538,31.953707,-99.605724,Novice,TX,Coleman
77976,28.954273,-97.090604,Nursery,TX,Victoria
79539,33.286038,-99.847301,O Brien,TX,Haskell
77359,30.674933,-95.290469,Oakhurst,TX,San Jacinto
78951,29.60466,-96.524899,Oakland,TX,Colorado
78060,28.421814,-98.071902,Oakville,TX,Live Oak
75855,31.478777,-95.866174,Oakwood,TX,Leon
79247,34.341985,-99.365767,Odell,TX,Wilbarger
78370,27.941424,-97.581752,Odem,TX,San Patricio
79760,31.765163,-102.354346,Odessa,TX,Ector
79351,32.977027,-101.937148,Odonnell,TX,Lynn
76561,31.415049,-97.560418,Oglesby,TX,Coryell
78371,27.732094,-99.505138,Oilton,TX,Webb
76373,34.145598,-99.107033,Oklaunion,TX,Wilbarger
79540,33.178927,-100.254017,Old Glory,TX,Stonewall
77463,29.130819,-95.791554,Old Ocean,TX,Brazoria
76466,32.442088,-98.734228,Olden,TX,Eastland
78575,26.006779,-97.547392,Olmito,TX,Cameron
76374,33.361214,-98.779466,Olney,TX,Young
79064,34.181129,-102.145562,Olton,TX,Lamb
75571,33.179537,-94.739141,Omaha,TX,Morris
77360,30.822525,-95.105581,Onalaska,TX,Polk
77630,30.135425,-93.860282,Orange,TX,Orange
78372,27.942358,-98.06417,Orange Grove,TX,Jim Wells
77639,30.063101,-93.859903,Orangefield,TX,Orange
77464,29.503446,-95.904066,Orchard,TX,Fort Bend
75683,32.832441,-94.771016,Ore City,TX,Upshur
79770,31.383297,-103.556598,Orla,TX,Reeves
78658,29.447211,-97.494649,Ottine,TX,Gonzales
76675,31.254242,-96.937574,Otto,TX,Falls
79541,32.155364,-99.873296,Ovalo,TX,Taylor
75684,32.133478,-94.83149,Overton,TX,Rusk
76943,30.798496,-101.498604,Ozona,TX,Crockett
79248,34.02174,-100.298633,Paducah,TX,Cottle
78659,30.210039,-97.157246,Paige,TX,Bastrop
76866,31.462315,-100.014384,Paint Rock,TX,Concho
77465,28.934196,-96.075063,Palacios,TX,Matagorda
75801,31.848542,-95.685179,Palestine,TX,Anderson
75152,32.460524,-96.675575,Palmer,TX,Ellis
76484,32.704835,-98.346877,Palo Pinto,TX,Palo Pinto
76467,32.341365,-97.932083,Paluxy,TX,Hood
79065,35.515114,-100.836363,Pampa,TX,Gray
78143,29.24841,-97.828699,Pandora,TX,Wilson
79068,35.296115,-101.345689,Panhandle,TX,Carson
78144,28.956228,-97.898179,Panna Maria,TX,Karnes
75685,32.183774,-94.308713,Panola,TX,Panola
76073,33.097605,-97.727516,Paradise,TX,Wise
75460,33.612433,-95.464896,Paris,TX,Lamar
77501,29.83399,-95.434241,Pasadena,TX,Harris
77466,29.817257,-96.007261,Pattison,TX,Waller
75468,33.621656,-95.466406,Pattonville,TX,Lamar
78145,28.424535,-97.732736,Pawnee,TX,Bee
76867,31.217152,-99.347156,Pear Valley,TX,Mcculloch
77581,29.328311,-95.316425,Pearland,TX,Brazoria
78061,28.867782,-99.108227,Pearsall,TX,Frio
76485,32.779315,-97.805502,Peaster,TX,Parker
75469,33.442173,-95.851141,Pecan Gap,TX,Delta
79772,31.446678,-103.57906,Pecos,TX,Reeves
78062,28.919999,-98.552942,Peggy,TX,Atascosa
76564,31.036287,-97.492017,Pendleton,TX,Bell
76676,31.859638,-96.926944,Penelope,TX,Hill
78576,26.193734,-98.101526,Penitas,TX,Hidalgo
75856,31.105786,-95.138794,Pennington,TX,Trinity
79776,31.733396,-102.587906,Penwell,TX,Ector
79353,33.778988,-102.466624,Pep,TX,Hockley
76486,33.030672,-98.066151,Perrin,TX,Jack
76677,31.254242,-96.937574,Perry,TX,Falls
79070,36.408493,-100.687227,Perryton,TX,Ochiltree
79250,33.86948,-101.596234,Petersburg,TX,Hale
76377,34.032867,-98.228187,Petrolia,TX,Clay
78146,28.616396,-97.808154,Pettus,TX,Bee
75470,33.65973,-95.582906,Petty,TX,Lamar
78660,30.442737,-97.597055,Pflugerville,TX,Travis
78577,26.186698,-98.127765,Pharr,TX,Hidalgo
75471,33.168606,-95.585464,Pickton,TX,Hopkins
77467,29.298532,-96.241147,Pierce,TX,Wharton
76258,33.249576,-97.067567,Pilot Point,TX,Denton
77362,30.179187,-95.692288,Pinehurst,TX,Montgomery
75968,31.24817,-93.973106,Pineland,TX,Sabine
78063,29.67956,-98.948428,Pipe Creek,TX,Bandera
75686,32.998041,-94.952278,Pittsburg,TX,Camp
77977,28.692323,-96.825416,Placedo,TX,Victoria
79355,33.149263,-102.834676,Plains,TX,Yoakum
79072,34.068999,-101.82702,Plainview,TX,Hale
75023,33.104885,-96.659574,Plano,TX,Collin
77363,30.288721,-95.856892,Plantersville,TX,Grimes
78064,28.975023,-98.495551,Pleasanton,TX,Atascosa
77468,28.949429,-96.052347,Pledger,TX,Matagorda
78952,29.896219,-96.943868,Plum,TX,Fayette
75472,32.917861,-95.898171,Point,TX,Rains
77978,28.681485,-96.50072,Point Comfort,TX,Calhoun
77364,30.755812,-95.218676,Pointblank,TX,San Jacinto
75969,31.440245,-94.869754,Pollok,TX,Angelina
76259,33.192662,-97.309629,Ponder,TX,Denton
76869,30.719628,-99.224184,Pontotoc,TX,Mason
76487,32.94962,-97.903499,Poolville,TX,Parker
78373,27.770678,-97.105137,Port Aransas,TX,Nueces
77640,29.870904,-93.964278,Port Arthur,TX,Jefferson
77650,29.437631,-94.632252,Port Bolivar,TX,Galveston
78578,26.145304,-97.505429,Port Isabel,TX,Cameron
77979,28.556096,-96.600353,Port Lavaca,TX,Calhoun
78598,26.554299,-97.426247,Port Mansfield,TX,Willacy
77651,30.005205,-94.132182,Port Neches,TX,Jefferson
77982,28.443245,-96.422834,Port O Connor,TX,Calhoun
77365,30.21308,-95.400036,Porter,TX,Montgomery
78374,27.979489,-97.538993,Portland,TX,San Patricio
79356,33.180889,-101.298072,Post,TX,Garza
78065,29.059014,-98.63756,Poteet,TX,Atascosa
78147,29.080236,-98.106249,Poth,TX,Wilson
75076,33.817503,-96.676191,Pottsboro,TX,Grayson
76565,31.636838,-98.348689,Pottsville,TX,Hamilton
75473,33.792741,-95.522757,Powderly,TX,Lamar
75153,32.165005,-96.338746,Powell,TX,Navarro
75782,32.194199,-95.548056,Poynor,TX,Henderson
76678,31.517893,-96.584425,Prairie Hill,TX,Limestone
78661,29.751348,-97.748349,Prairie Lea,TX,Caldwell
77446,30.082135,-96.013596,Prairie View,TX,Waller
78375,27.315242,-98.164332,Premont,TX,Jim Wells
79845,29.572128,-104.372626,Presidio,TX,Presidio
75687,32.151755,-94.955432,Price,TX,Rusk
76870,31.477095,-98.630919,Priddy,TX,Mills
75407,33.152612,-96.47527,Princeton,TX,Collin
76468,31.972712,-98.540485,Proctor,TX,Comanche
78579,26.092209,-97.953259,Progreso,TX,Hidalgo
75078,33.254191,-96.78524,Prosper,TX,Collin
76679,31.931282,-96.604622,Purdon,TX,Navarro
76566,31.484144,-97.990338,Purmela,TX,Coryell
76469,32.374033,-99.195668,Putnam,TX,Callahan
79777,31.538694,-103.126666,Pyote,TX,Ward
79251,34.964812,-100.270689,Quail,TX,Collingsworth
79252,34.39086,-99.857216,Quanah,TX,Hardeman
75572,33.155715,-94.153684,Queen City,TX,Cass
78877,28.641577,-100.389477,Quemado,TX,Maverick
75474,32.934537,-96.121946,Quinlan,TX,Hunt
79255,34.380648,-101.087775,Quitaque,TX,Briscoe
75783,32.782264,-95.44337,Quitman,TX,Wood
76077,32.284006,-97.704041,Rainbow,TX,Somervell
79357,33.68513,-101.383596,Ralls,TX,Crosby
75475,33.484594,-96.254127,Randolph,TX,Fannin
76470,32.303639,-98.778484,Ranger,TX,Eastland
79778,31.226573,-101.944129,Rankin,TX,Upton
79366,33.531329,-101.700776,Ransom Canyon,TX,Lubbock
75858,31.25937,-95.367485,Ratcliff,TX,Houston
75476,33.670261,-96.276105,Ravenna,TX,Fannin
78580,26.417824,-97.79468,Raymondville,TX,Willacy
77582,30.054158,-94.676436,Raywood,TX,Liberty
76680,31.254242,-96.937574,Reagan,TX,Falls
78376,27.660242,-98.517894,Realitos,TX,Duval
75154,32.484383,-96.795429,Red Oak,TX,Ellis
78662,29.955422,-97.425923,Red Rock,TX,Bastrop
79846,29.943719,-104.386683,Redford,TX,Presidio
75573,33.357968,-94.25707,Redwater,TX,Bowie
78377,28.281826,-97.297783,Refugio,TX,Refugio
75784,31.86904,-94.995364,Reklaw,TX,Cherokee
76078,33.092103,-97.480329,Rhome,TX,Wise
75155,32.300757,-96.735335,Rice,TX,Ellis
77873,30.579623,-95.895889,Richards,TX,Grimes
75080,32.962811,-96.726826,Richardson,TX,Dallas
76681,31.905199,-96.388082,Richland,TX,Navarro
76871,31.300297,-98.912791,Richland Springs,TX,San Saba
77406,29.50401,-95.919107,Richmond,TX,Fort Bend
76682,31.48862,-96.944644,Riesel,TX,Mclennan
76261,33.820163,-97.941476,Ringgold,TX,Montague
78879,29.84975,-99.768284,Rio Frio,TX,Real
78582,26.499887,-98.752428,Rio Grande City,TX,Starr
78583,26.252266,-97.565494,Rio Hondo,TX,Cameron
78066,29.461171,-98.869444,Rio Medina,TX,Medina
76093,32.295054,-97.326177,Rio Vista,TX,Johnson
76471,32.268924,-98.860949,Rising Star,TX,Eastland
77367,30.847563,-95.390439,Riverside,TX,Walker
78379,27.297687,-97.787713,Riviera,TX,Kleberg
76262,33.199082,-97.117815,Roanoke,TX,Denton
77875,30.607534,-95.957945,Roans Prairie,TX,Grimes
79256,33.901277,-100.857208,Roaring Springs,TX,Motley
76945,31.911149,-100.487299,Robert Lee,TX,Coke
78380,27.795517,-97.752083,Robstown,TX,Nueces
79543,32.749277,-100.338798,Roby,TX,Fisher
76872,31.217152,-99.347156,Rochelle,TX,Mcculloch
79544,33.331926,-99.781154,Rochester,TX,Haskell
77470,29.60466,-96.524899,Rock Island,TX,Colorado
76567,30.655359,-97.035158,Rockdale,TX,Milam
78381,28.013108,-97.09364,Rockport,TX,Aransas
78880,30.017074,-100.212863,Rocksprings,TX,Edwards
75032,32.886,-96.409502,Rockwall,TX,Rockwall
76873,31.745879,-99.458967,Rockwood,TX,Coleman
76569,30.948804,-97.225426,Rogers,TX,Bell
78584,26.584581,-99.004493,Roma,TX,Starr
77368,30.188885,-94.804065,Romayor,TX,Liberty
76874,30.498845,-99.709428,Roosevelt,TX,Kimble
79358,33.451993,-102.285032,Ropesville,TX,Hockley
78953,29.90847,-97.317608,Rosanky,TX,Bastrop
79545,32.384442,-100.572217,Roscoe,TX,Nolan
76570,31.103376,-96.998652,Rosebud,TX,Falls
77471,29.555889,-95.858475,Rosenberg,TX,Fort Bend
77583,29.42501,-95.448799,Rosharon,TX,Brazoria
76684,31.717293,-97.118754,Ross,TX,Mclennan
75157,32.455407,-96.439495,Rosser,TX,Kaufman
76263,33.487842,-97.421155,Rosston,TX,Cooke
79546,32.837949,-100.489193,Rotan,TX,Fisher
78663,30.414943,-98.356711,Round Mountain,TX,Blanco
78664,30.530497,-97.635103,Round Rock,TX,Williamson
78954,30.041719,-96.711265,Round Top,TX,Fayette
76875,31.668401,-100.047062,Rowena,TX,Runnels
75030,32.91747,-96.534737,Rowlett,TX,Dallas
75477,33.544969,-95.721734,Roxton,TX,Lamar
79779,31.459448,-103.188993,Royalty,TX,Ward
75189,32.919754,-96.35631,Royse City,TX,Rockwall
79547,33.181,-99.854024,Rule,TX,Haskell
78151,28.821975,-97.768307,Runge,TX,Karnes
75785,31.813578,-95.0965,Rusk,TX,Cherokee
77369,30.188885,-94.804065,Rye,TX,Liberty
78881,29.321387,-99.468886,Sabinal,TX,Uvalde
77655,29.782283,-94.091127,Sabine Pass,TX,Jefferson
75048,32.950372,-96.575302,Sachse,TX,Dallas
75788,31.825389,-94.918855,Sacul,TX,Nacogdoches
76264,33.728996,-96.846208,Sadler,TX,Grayson
78152,29.433781,-98.222438,Saint Hedwig,TX,Bexar
76265,33.692738,-97.524599,Saint Jo,TX,Montague
76571,30.925692,-97.570057,Salado,TX,Bell
78585,26.510436,-98.746365,Salineno,TX,Starr
79847,31.315723,-105.452562,Salt Flat,TX,Hudspeth
75478,33.168606,-95.585464,Saltillo,TX,Hopkins
79077,34.840485,-100.204928,Samnorwood,TX,Collingsworth
76901,31.44451,-100.533397,San Angelo,TX,Tom Green
78201,29.399933,-98.537495,San Antonio,TX,Bexar
75972,31.548122,-94.111751,San Augustine,TX,San Augustine
78586,26.152353,-97.53175,San Benito,TX,Cameron
78384,27.660127,-98.517875,San Diego,TX,Duval
79849,31.550844,-106.250732,San Elizario,TX,El Paso
77473,29.792014,-96.097261,San Felipe,TX,Austin
78588,26.510436,-98.746365,San Isidro,TX,Starr
78589,26.214873,-98.161978,San Juan,TX,Hidalgo
78666,29.972907,-97.997166,San Marcos,TX,Hays
78590,26.455519,-97.585805,San Perlita,TX,Willacy
76877,31.212412,-98.723024,San Saba,TX,San Saba
78067,27.09468,-99.354468,San Ygnacio,TX,Zapata
79848,30.252946,-102.162882,Sanderson,TX,Terrell
78383,28.024961,-97.870486,Sandia,TX,Jim Wells
78665,30.219829,-98.358613,Sandy,TX,Blanco
79078,35.672009,-101.574959,Sanford,TX,Hutchinson
76266,33.341653,-97.214454,Sanger,TX,Denton
76878,31.737608,-99.326291,Santa Anna,TX,Coleman
78591,26.749896,-98.583016,Santa Elena,TX,Starr
77510,29.403211,-95.073408,Santa Fe,TX,Galveston
78592,26.125242,-97.475663,Santa Maria,TX,Cameron
78593,26.229551,-97.803023,Santa Rosa,TX,Cameron
76472,32.635934,-98.179314,Santo,TX,Palo Pinto
79780,31.383297,-103.556598,Saragosa,TX,Reeves
77585,30.309518,-94.477059,Saratoga,TX,Hardin
78385,27.222302,-97.793153,Sarita,TX,Kenedy
76685,31.371525,-97.076732,Satin,TX,Falls
75479,33.555782,-96.27085,Savoy,TX,Fannin
78154,29.578978,-98.277839,Schertz,TX,Guadalupe
78956,29.714899,-96.93382,Schulenburg,TX,Fayette
76573,30.805512,-97.470456,Schwertner,TX,Williamson
76379,33.615708,-98.687302,Scotland,TX,Archer
75688,32.55397,-94.239351,Scottsville,TX,Harrison
75480,33.047785,-95.196153,Scroggins,TX,Franklin
75158,32.463618,-96.384263,Scurry,TX,Kaufman
77586,29.602041,-95.101012,Seabrook,TX,Harris
77983,28.427276,-96.667313,Seadrift,TX,Calhoun
75159,32.620763,-96.573555,Seagoville,TX,Dallas
79359,32.94248,-102.588484,Seagraves,TX,Gaines
77474,29.845826,-96.317806,Sealy,TX,Austin
78594,26.345298,-97.791472,Sebastian,TX,Willacy
78155,29.578734,-97.951829,Seguin,TX,Guadalupe
75689,32.1826,-94.935456,Selman City,TX,Rusk
79360,32.671912,-102.805355,Seminole,TX,Gaines
76380,33.620131,-99.263681,Seymour,TX,Baylor
79850,29.943719,-104.386683,Shafter,TX,Presidio
79363,33.714072,-102.00946,Shallowater,TX,Lubbock
79079,35.315345,-100.272153,Shamrock,TX,Wheeler
79781,30.711984,-102.676783,Sheffield,TX,Pecos
75973,31.774637,-94.152946,Shelbyville,TX,Shelby
77371,30.632802,-95.085922,Shepherd,TX,San Jacinto
76311,33.968945,-98.505933,Sheppard Afb,TX,Wichita
77475,29.60466,-96.524899,Sheridan,TX,Colorado
75090,33.647425,-96.659726,Sherman,TX,Grayson
77984,29.42254,-97.153946,Shiner,TX,Lavaca
77876,30.494286,-96.018489,Shiro,TX,Grimes
76474,31.972712,-98.540485,Sidney,TX,Comanche
79851,31.315723,-105.452562,Sierra Blanca,TX,Hudspeth
77656,30.327169,-94.274154,Silsbee,TX,Hardin
76949,31.889601,-100.530253,Silver,TX,Coke
79257,34.471337,-101.30419,Silverton,TX,Briscoe
75574,33.476552,-94.39495,Simms,TX,Bowie
77476,29.667486,-95.965953,Simonton,TX,Fort Bend
78387,28.012823,-97.556615,Sinton,TX,San Patricio
79080,35.569232,-101.172931,Skellytown,TX,Carson
78389,28.21206,-97.712708,Skidmore,TX,Bee
79364,33.553496,-101.809124,Slaton,TX,Lubbock
76267,33.378039,-97.39219,Slidell,TX,Wise
78159,29.277318,-97.645878,Smiley,TX,Gonzales
78957,30.003401,-97.222121,Smithville,TX,Bastrop
79367,33.566955,-102.210086,Smyer,TX,Hockley
77878,30.513118,-96.618047,Snook,TX,Burleson
79549,32.745073,-100.917479,Snyder,TX,Scurry
78069,29.22053,-98.667756,Somerset,TX,Bexar
77879,30.364879,-96.526729,Somerville,TX,Burleson
76950,30.579386,-100.671422,Sonora,TX,Sutton
77659,30.238876,-94.403654,Sour Lake,TX,Hardin
76481,33.005164,-98.689196,South Bend,TX,Young
77587,29.662579,-95.229511,South Houston,TX,Harris
78597,26.115896,-97.494039,South Padre Island,TX,Cameron
79258,34.071514,-101.30313,South Plains,TX,Floyd
76092,32.948474,-97.152368,Southlake,TX,Tarrant
76268,33.602427,-96.757322,Southmayd,TX,Grayson
79369,34.068938,-102.350649,Spade,TX,Lamb
77985,29.347975,-96.900331,Speaks,TX,Lavaca
79081,36.226446,-101.294059,Spearman,TX,Hansford
78669,30.397227,-97.82012,Spicewood,TX,Travis
77372,30.255457,-95.183281,Splendora,TX,Montgomery
77373,29.83399,-95.434241,Spring,TX,Harris
78070,29.881355,-98.408614,Spring Branch,TX,Comal
79082,34.23322,-102.307243,Springlake,TX,Lamb
76082,32.80864,-97.693195,Springtown,TX,Parker
79370,33.471532,-100.802023,Spur,TX,Dickens
77660,30.792674,-94.354476,Spurger,TX,Tyler
77477,29.450518,-95.996865,Stafford,TX,Fort Bend
79553,32.869561,-99.808377,Stamford,TX,Jones
79782,32.200014,-101.823066,Stanton,TX,Martin
78670,29.611797,-97.971208,Staples,TX,Guadalupe
76880,31.477095,-98.630919,Star,TX,Mills
76401,32.321348,-98.108828,Stephenville,TX,Erath
76951,31.882997,-101.030277,Sterling City,TX,Sterling
79083,35.823913,-101.445209,Stinnett,TX,Hutchinson
78160,29.235395,-97.934068,Stockdale,TX,Wilson
78671,30.289559,-98.706737,Stonewall,TX,Gillespie
77661,29.780948,-94.390045,Stowell,TX,Chambers
79084,36.340796,-102.073587,Stratford,TX,Sherman
76475,32.693772,-98.509939,Strawn,TX,Palo Pinto
75859,31.837751,-96.23408,Streetman,TX,Freestone
77986,29.487564,-96.794605,Sublime,TX,Lavaca
79371,34.047934,-102.526312,Sudan,TX,Lamb
77478,29.525461,-95.756462,Sugar Land,TX,Fort Bend
78595,26.275293,-98.56996,Sullivan City,TX,Hidalgo
75481,33.168606,-95.585464,Sulphur Bluff,TX,Hopkins
75482,33.126435,-95.600838,Sulphur Springs,TX,Hopkins
79085,34.743735,-102.506442,Summerfield,TX,Castro
75486,33.65973,-95.582906,Sumner,TX,Lamar
79372,33.494472,-102.438638,Sundown,TX,Hockley
75182,32.797048,-96.561606,Sunnyvale,TX,Dallas
79086,36.019612,-101.820002,Sunray,TX,Moore
76270,33.499274,-97.760266,Sunset,TX,Montague
78161,29.288795,-98.050916,Sutherland Springs,TX,Wilson
77480,29.100012,-95.744623,Sweeny,TX,Brazoria
77987,29.347975,-96.900331,Sweet Home,TX,Lavaca
79556,32.308289,-100.404514,Sweetwater,TX,Nolan
79560,32.708935,-100.234051,Sylvester,TX,Fisher
78390,27.973917,-97.421131,Taft,TX,San Patricio
79373,33.178077,-101.816443,Tahoka,TX,Lynn
75487,33.175662,-95.216724,Talco,TX,Franklin
76882,31.78326,-99.631855,Talpa,TX,Coleman
78883,29.729603,-99.191141,Tarpley,TX,Bandera
79783,32.306026,-101.949963,Tarzan,TX,Martin
75691,32.301179,-94.742539,Tatum,TX,Rusk
76574,30.581504,-97.393787,Taylor,TX,Williamson
75860,31.627713,-96.21236,Teague,TX,Freestone
76686,31.750384,-96.541589,Tehuacana,TX,Limestone
76883,29.956952,-100.227509,Telegraph,TX,Edwards
75488,33.613994,-96.114265,Telephone,TX,Fannin
77988,28.838353,-96.887217,Telferner,TX,Victoria
79259,34.529678,-100.207642,Tell,TX,Childress
76501,31.068306,-97.3047,Temple,TX,Bell
75974,31.948053,-94.247695,Tenaha,TX,Shelby
75861,31.802787,-95.84481,Tennessee Colony,TX,Anderson
76953,31.739714,-100.288365,Tennyson,TX,Coke
79852,29.818742,-103.060715,Terlingua,TX,Brewster
75160,32.641903,-96.25138,Terrell,TX,Kaufman
75501,33.411321,-94.177354,Texarkana,TX,Bowie
77590,29.376057,-94.921474,Texas City,TX,Galveston
79087,36.337083,-102.916844,Texline,TX,Dallam
75056,33.077136,-96.901605,The Colony,TX,Denton
77374,30.312185,-94.401843,Thicket,TX,Hardin
77989,28.997449,-97.153868,Thomaston,TX,De Witt
77481,29.489921,-95.594174,Thompsons,TX,Fort Bend
76577,30.613774,-97.205788,Thorndale,TX,Milam
76687,31.409873,-96.57281,Thornton,TX,Limestone
76578,30.546326,-97.236259,Thrall,TX,Williamson
78071,28.452822,-98.166012,Three Rivers,TX,Live Oak
76483,33.158707,-99.145361,Throckmorton,TX,Throckmorton
78072,28.350458,-98.56876,Tilden,TX,Mcmullen
75975,31.905616,-94.42602,Timpson,TX,Shelby
76271,33.532559,-96.859159,Tioga,TX,Grayson
77990,28.458661,-96.892788,Tivoli,TX,Refugio
79376,33.173518,-102.829456,Tokio,TX,Yoakum
76476,32.400038,-97.933708,Tolar,TX,Hood
75489,33.529674,-96.483563,Tom Bean,TX,Grayson
77375,29.83399,-95.434241,Tomball,TX,Harris
79853,31.440685,-106.076524,Tornillo,TX,El Paso
78672,30.772002,-98.446332,Tow,TX,Llano
79785,31.383297,-103.556598,Toyah,TX,Reeves
79786,31.383297,-103.556598,Toyahvale,TX,Reeves
79561,32.472234,-100.065421,Trent,TX,Taylor
75490,33.413778,-96.30401,Trenton,TX,Fannin
75163,32.208934,-96.114682,Trinidad,TX,Henderson
75862,30.910161,-95.312168,Trinity,TX,Trinity
75789,32.2477,-95.17896,Troup,TX,Smith
76579,31.174847,-97.269835,Troy,TX,Bell
78162,28.424535,-97.732736,Tuleta,TX,Bee
79088,34.558293,-101.803862,Tulia,TX,Swisher
79261,34.394837,-100.892561,Turkey,TX,Hall
79562,32.300287,-99.909752,Tuscola,TX,Taylor
79563,32.432954,-99.924042,Tye,TX,Taylor
75701,32.288029,-95.200403,Tyler,TX,Smith
78391,28.178966,-97.74564,Tynan,TX,Bee
79091,34.96539,-101.895894,Umbarger,TX,Randall
78148,29.437532,-98.461582,Universal City,TX,Bexar
78884,29.357005,-99.762039,Utopia,TX,Uvalde
78801,29.240446,-99.727018,Uvalde,TX,Uvalde
79854,30.758682,-104.209994,Valentine,TX,Jeff Davis
76884,31.745879,-99.458967,Valera,TX,Coleman
76689,31.657441,-97.471686,Valley Mills,TX,Bosque
76885,30.70395,-98.657239,Valley Spring,TX,Llano
76272,33.495794,-97.143184,Valley View,TX,Cooke
75790,32.543649,-95.679211,Van,TX,Van Zandt
75495,33.541018,-96.6356,Van Alstyne,TX,Grayson
79855,31.03912,-104.824473,Van Horn,TX,Culberson
77482,29.015988,-95.890495,Van Vleck,TX,Matagorda
76955,31.32795,-100.154738,Vancourt,TX,Tom Green
77991,28.845526,-96.581962,Vanderbilt,TX,Jackson
78885,29.729603,-99.191141,Vanderpool,TX,Bandera
79092,35.224143,-102.421407,Vega,TX,Oldham
76084,32.455147,-97.141191,Venus,TX,Johnson
76886,31.349348,-100.494912,Veribest,TX,Tom Green
76384,34.155524,-99.284002,Vernon,TX,Wilbarger
77901,28.777373,-97.026681,Victoria,TX,Victoria
77662,30.15549,-93.935765,Vidor,TX,Orange
77663,30.518504,-94.4458,Village Mills,TX,Hardin
76887,31.217152,-99.347156,Voca,TX,Mcculloch
78073,29.247612,-98.546361,Von Ormy,TX,Bexar
76888,31.745879,-99.458967,Voss,TX,Coleman
77376,30.426417,-94.652109,Votaw,TX,Hardin
77709,30.176361,-94.187683,Voth,TX,Jefferson
76701,31.551566,-97.15508,Waco,TX,Mclennan
77483,28.754719,-95.945896,Wadsworth,TX,Matagorda
78959,29.693474,-97.299947,Waelder,TX,Gonzales
79093,36.278199,-100.815862,Waka,TX,Ochiltree
78673,30.741495,-97.589147,Walburg,TX,Williamson
76957,31.359844,-100.206705,Wall,TX,Tom Green
77484,30.087937,-95.948512,Waller,TX,Waller
77485,29.789915,-96.279263,Wallis,TX,Austin
77597,29.811188,-94.682325,Wallisville,TX,Chambers
76690,32.043524,-97.750239,Walnut Springs,TX,Bosque
78960,30.070244,-96.902035,Warda,TX,Fayette
78074,29.952304,-98.794374,Waring,TX,Kendall
77664,30.634714,-94.380858,Warren,TX,Tyler
77880,30.298367,-96.211265,Washington,TX,Washington
75692,32.518392,-94.135507,Waskom,TX,Harrison
76958,31.635184,-100.658982,Water Valley,TX,Tom Green
75165,32.376984,-96.843682,Waxahachie,TX,Ellis
79094,34.965329,-101.357838,Wayside,TX,Armstrong
76085,,,Weatherford,TX,Parker
77598,29.550411,-95.128758,Webster,TX,Harris
77993,28.835825,-97.444155,Weesatche,TX,Goliad
78962,29.675937,-96.743007,Weimar,TX,Colorado
76388,33.322098,-99.674393,Weinert,TX,Haskell
78674,30.674667,-97.59286,Weir,TX,Williamson
79377,32.929753,-102.127798,Welch,TX,Dawson
77881,30.65212,-96.341012,Wellborn,TX,Brazos
79095,34.852623,-100.21447,Wellington,TX,Collingsworth
79378,33.047275,-102.428171,Wellman,TX,Terry
75976,31.782048,-95.164021,Wells,TX,Cherokee
78596,26.178744,-98.134649,Weslaco,TX,Hidalgo
76691,31.759903,-97.102936,West,TX,Mclennan
77486,29.122892,-95.684009,West Columbia,TX,Brazoria
78963,29.914207,-97.053015,West Point,TX,Fayette
79565,32.362705,-101.043022,Westbrook,TX,Mitchell
77994,29.102107,-97.328361,Westhoff,TX,De Witt
75485,33.361524,-96.467617,Westminster,TX,Collin
75097,33.351238,-96.664632,Weston,TX,Collin
77488,29.323344,-96.091123,Wharton,TX,Wharton
79096,35.394891,-100.224203,Wheeler,TX,Wheeler
77882,31.026276,-96.533031,Wheelock,TX,Robertson
79097,35.414902,-101.176661,White Deer,TX,Carson
75693,32.538299,-94.862219,White Oak,TX,Gregg
79379,33.598837,-102.619882,Whiteface,TX,Cochran
75791,32.219518,-95.217652,Whitehouse,TX,Smith
76273,33.701372,-96.836522,Whitesboro,TX,Grayson
75491,33.502316,-96.446845,Whitewright,TX,Grayson
79380,33.74566,-102.320586,Whitharral,TX,Hockley
76692,31.971321,-97.346289,Whitney,TX,Hill
78075,28.421814,-98.071902,Whitsett,TX,Live Oak
76490,32.951494,-97.942209,Whitt,TX,Parker
76301,33.959758,-98.48283,Wichita Falls,TX,Wichita
79788,31.569243,-103.006747,Wickett,TX,Ward
75977,30.714636,-93.709628,Wiergate,TX,Newton
79098,35.211942,-102.200425,Wildorado,TX,Oldham
77318,30.43794,-95.490719,Willis,TX,Montgomery
78675,30.387956,-98.701902,Willow City,TX,Gillespie
75169,32.695514,-95.974996,Wills Point,TX,Van Zandt
75172,32.603835,-96.673223,Wilmer,TX,Dallas
79381,33.318712,-101.725673,Wilson,TX,Lynn
78676,30.012441,-98.031713,Wimberley,TX,Hays
75492,33.563367,-96.000216,Windom,TX,Fannin
76389,33.615708,-98.687302,Windthorst,TX,Archer
75493,33.166579,-95.109,Winfield,TX,Titus
79566,32.031119,-100.131927,Wingate,TX,Runnels
79789,31.755315,-103.155748,Wink,TX,Winkler
77665,29.823383,-94.475364,Winnie,TX,Chambers
75494,32.944701,-95.306215,Winnsboro,TX,Wood
75792,32.51931,-95.283799,Winona,TX,Smith
79567,31.951207,-99.955406,Winters,TX,Runnels
75978,31.534162,-94.639022,Woden,TX,Nacogdoches
75496,33.32576,-96.056153,Wolfe City,TX,Hunt
79382,33.563121,-102.026405,Wolfforth,TX,Lubbock
75865,31.105786,-95.138794,Woodlake,TX,Trinity
75694,32.653731,-94.342725,Woodlawn,TX,Harrison
78393,28.206879,-97.334538,Woodsboro,TX,Refugio
76491,33.074064,-99.054584,Woodson,TX,Throckmorton
75979,30.758494,-94.366929,Woodville,TX,Tyler
76712,31.539194,-97.265089,Woodway,TX,Mclennan
76693,31.76936,-96.391904,Wortham,TX,Freestone
78677,29.447211,-97.494649,Wrightsboro,TX,Gonzales
75098,32.970309,-96.552397,Wylie,TX,Dallas
78886,29.236464,-99.145273,Yancey,TX,Medina
75497,32.891514,-95.579297,Yantis,TX,Wood
77995,29.297302,-97.047148,Yoakum,TX,Lavaca
78164,29.080478,-97.504179,Yorktown,TX,De Witt
78076,26.923302,-99.215337,Zapata,TX,Zapata
75980,31.174421,-94.401293,Zavalla,TX,Angelina
76890,31.692764,-98.80701,Zephyr,TX,Brown
